{"packs":[{"can_be_redownloaded":false,"name":{"bg_BG":"Химия","cs_CZ":"Chemie","da_DK":"Kemi","de_DE":"Chemie","el_GR":"Χημεία","en_GB":"Chemistry","en_US":"Chemistry","es_ES":"Química","es_MX":"Química","fi_FI":"Kemia","fr_CA":"Chimie","fr_FR":"Chimie","hu_HU":"Vegyészet","id_ID":"Kimia","it_IT":"Chimica","ja_JP":"化学","ko_KR":"화학","nb_NO":"Kjemi","nl_NL":"Chemie","pl_PL":"Chemia","pt_BR":"Química","pt_PT":"Química","ru_RU":"Химия","sk_SK":"Chémia","sv_SE":"Kemi","tr_TR":"Kimya","uk_UA":"Хімія","zh_CN":"化学","zh_TW":"化學"},"uuid":"6baf8b62-8948-4c99-bb1e-a0cb35dc4579","version":[1,0,0]}]}
