{"packs":[{"can_be_redownloaded":false,"name":{"bg_BG":"Химия","cs_CZ":"Chemie","da_DK":"Kemi","de_DE":"Chemie","el_GR":"Χημεία","en_GB":"Chemistry","en_US":"Chemistry","es_ES":"Química","es_MX":"Química","fi_FI":"Kemia","fr_CA":"Chimie","fr_FR":"Chimie","hu_HU":"Vegyészet","id_ID":"Kimia","it_IT":"Chimica","ja_JP":"化学","ko_KR":"화학","nb_NO":"Kjemi","nl_NL":"Chemie","pl_PL":"Chemia","pt_BR":"Química","pt_PT":"Química","ru_RU":"Химия","sk_SK":"Chémia","sv_SE":"Kemi","tr_TR":"Kimya","uk_UA":"Хімія","zh_CN":"化学","zh_TW":"化學"},"uuid":"0fba4063-dba1-4281-9b89-ff9390653530","version":[1,0,0]},{"can_be_redownloaded":false,"name":"Alton Towers Textures2","uuid":"800b4d42-27dc-11e9-ab14-d663bd873d93","version":[0,0,1]},{"can_be_redownloaded":false,"name":"Merlin's Magical London Textures","uuid":"02fae4c2-3743-11e9-b210-d663bd873d93","version":[1,0,0]}]}
